,Image,Class
0,image9000.jpg,Food
1,image9001.jpg,Food
2,image9003.jpg,Food
3,image9007.jpg,Food
4,image9008.jpg,Food
5,image9009.jpg,Food
6,image9011.jpg,Food
7,image9012.jpg,Food
8,image9013.jpg,Food
9,image9014.jpg,Food
10,image9015.jpg,Food
11,image9016.jpg,Food
12,image9018.jpg,Food
13,image9019.jpg,Food
14,image9022.jpg,Food
15,image9023.jpg,Food
16,image9024.jpg,Food
17,image9026.jpg,Food
18,image9027.jpg,Food
19,image9028.jpg,Food
20,image9030.jpg,Food
21,image9031.jpg,Food
22,image9034.jpg,Food
23,image9035.jpg,Food
24,image9038.jpg,Food
25,image9039.jpg,Food
26,image9041.jpg,Food
27,image9042.jpg,Food
28,image9043.jpg,Food
29,image9044.jpg,Food
30,image9045.jpg,Food
31,image9046.jpg,Food
32,image9047.jpg,Food
33,image9048.jpg,Food
34,image9050.jpg,Food
35,image9051.jpg,Food
36,image9052.jpg,Food
37,image9053.jpg,Food
38,image9054.jpg,Food
39,image9055.jpg,Food
40,image9056.jpg,Food
41,image9059.jpg,Food
42,image9063.jpg,Food
43,image9065.jpg,Food
44,image9067.jpg,Food
45,image9068.jpg,Food
46,image9070.jpg,Food
47,image9071.jpg,Food
48,image9073.jpg,Food
49,image9074.jpg,Food
50,image9075.jpg,Food
51,image9076.jpg,Food
52,image9077.jpg,Food
53,image9078.jpg,Food
54,image9079.jpg,Food
55,image9080.jpg,Food
56,image9082.jpg,Food
57,image9083.jpg,Food
58,image9084.jpg,Food
59,image9086.jpg,Food
60,image9087.jpg,Food
61,image9088.jpg,Food
62,image9091.jpg,Food
63,image9092.jpg,Food
64,image9093.jpg,Food
65,image9094.jpg,Food
66,image9096.jpg,Food
67,image9099.jpg,Food
68,image9100.jpg,Food
69,image9101.jpg,Food
70,image9102.jpg,Food
71,image9103.jpg,Food
72,image9104.jpg,Food
73,image9106.jpg,Food
74,image9108.jpg,Food
75,image9110.jpg,Food
76,image9114.jpg,Food
77,image9115.jpg,Food
78,image9117.jpg,Food
79,image9122.jpg,Food
80,image9124.jpg,Food
81,image9125.jpg,Food
82,image9126.jpg,Food
83,image9128.jpg,Food
84,image9129.jpg,Food
85,image9131.jpg,Food
86,image9133.jpg,Food
87,image9134.jpg,Food
88,image9135.jpg,Food
89,image9136.jpg,Food
90,image9137.jpg,Food
91,image9138.jpg,Food
92,image9139.jpg,Food
93,image9141.jpg,Food
94,image9142.jpg,Food
95,image9144.jpg,Food
96,image9146.jpg,Food
97,image9147.jpg,Food
98,image9148.jpg,Food
99,image9149.jpg,Food
100,image9150.jpg,Food
101,image9151.jpg,Food
102,image9152.jpg,Food
103,image9155.jpg,Food
104,image9156.jpg,Food
105,image9158.jpg,Food
106,image9159.jpg,Food
107,image9160.jpg,Food
108,image9161.jpg,Food
109,image9162.jpg,Food
110,image9164.jpg,Food
111,image9166.jpg,Food
112,image9169.jpg,Food
113,image9171.jpg,Food
114,image9172.jpg,Food
115,image9173.jpg,Food
116,image9176.jpg,Food
117,image9178.jpg,Food
118,image9179.jpg,Food
119,image9180.jpg,Food
120,image9182.jpg,Food
121,image9184.jpg,Food
122,image9185.jpg,Food
123,image9186.jpg,Food
124,image9187.jpg,Food
125,image9188.jpg,Food
126,image9189.jpg,Food
127,image9192.jpg,Food
128,image9194.jpg,Food
129,image9195.jpg,Food
130,image9196.jpg,Food
131,image9197.jpg,Food
132,image9198.jpg,Food
133,image9201.jpg,Food
134,image9203.jpg,Food
135,image9204.jpg,Food
136,image9205.jpg,Food
137,image9209.jpg,Food
138,image9210.jpg,Food
139,image9212.jpg,Food
140,image9213.jpg,Food
141,image9214.jpg,Food
142,image9215.jpg,Food
143,image9217.jpg,Food
144,image9218.jpg,Food
145,image9225.jpg,Food
146,image9226.jpg,Food
147,image9227.jpg,Food
148,image9228.jpg,Food
149,image9229.jpg,Food
150,image9230.jpg,Food
151,image9231.jpg,Food
152,image9232.jpg,Food
153,image9233.jpg,Food
154,image9235.jpg,Food
155,image9237.jpg,Food
156,image9239.jpg,Food
157,image9241.jpg,Food
158,image9245.jpg,Food
159,image9246.jpg,Food
160,image9247.jpg,Food
161,image9248.jpg,Food
162,image9251.jpg,Food
163,image9252.jpg,Food
164,image9253.jpg,Food
165,image9254.jpg,Food
166,image9255.jpg,Food
167,image9257.jpg,Food
168,image9262.jpg,Food
169,image9263.jpg,Food
170,image9264.jpg,Food
171,image9265.jpg,Food
172,image9266.jpg,Food
173,image9267.jpg,Food
174,image9268.jpg,Food
175,image9270.jpg,Food
176,image9272.jpg,Food
177,image9275.jpg,Food
178,image9276.jpg,Food
179,image9277.jpg,Food
180,image9279.jpg,Food
181,image9281.jpg,Food
182,image9282.jpg,Food
183,image9284.jpg,Food
184,image9285.jpg,Food
185,image9287.jpg,Food
186,image9288.jpg,Food
187,image9289.jpg,Food
188,image9290.jpg,Food
189,image9292.jpg,Food
190,image9294.jpg,Food
191,image9295.jpg,Food
192,image9297.jpg,Food
193,image9298.jpg,Food
194,image9300.jpg,Food
195,image9301.jpg,Food
196,image9302.jpg,Food
197,image9303.jpg,Food
198,image9304.jpg,Food
199,image9305.jpg,Food
200,image9306.jpg,Food
201,image9307.jpg,Food
202,image9309.jpg,Food
203,image9311.jpg,Food
204,image9313.jpg,Food
205,image9315.jpg,Food
206,image9316.jpg,Food
207,image9317.jpg,Food
208,image9318.jpg,Food
209,image9320.jpg,Food
210,image9321.jpg,Food
211,image9322.jpg,Food
212,image9323.jpg,Food
213,image9324.jpg,Food
214,image9325.jpg,Food
215,image9326.jpg,Food
216,image9327.jpg,Food
217,image9328.jpg,Food
218,image9329.jpg,Food
219,image9331.jpg,Food
220,image9335.jpg,Food
221,image9336.jpg,Food
222,image9337.jpg,Food
223,image9338.jpg,Food
224,image9339.jpg,Food
225,image9340.jpg,Food
226,image9342.jpg,Food
227,image9348.jpg,Food
228,image9353.jpg,Food
229,image9354.jpg,Food
230,image9355.jpg,Food
231,image9356.jpg,Food
232,image9357.jpg,Food
233,image9358.jpg,Food
234,image9359.jpg,Food
235,image9360.jpg,Food
236,image9363.jpg,Food
237,image9364.jpg,Food
238,image9365.jpg,Food
239,image9366.jpg,Food
240,image9367.jpg,Food
241,image9369.jpg,Food
242,image9370.jpg,Food
243,image9371.jpg,Food
244,image9373.jpg,Food
245,image9375.jpg,Food
246,image9377.jpg,Food
247,image9378.jpg,Food
248,image9381.jpg,Food
249,image9383.jpg,Food
250,image9384.jpg,Food
251,image9385.jpg,Food
252,image9386.jpg,Food
253,image9387.jpg,Food
254,image9389.jpg,Food
255,image9390.jpg,Food
256,image9392.jpg,Food
257,image9394.jpg,Food
258,image9395.jpg,Food
259,image9396.jpg,Food
260,image9397.jpg,Food
261,image9399.jpg,Food
262,image9400.jpg,Food
263,image9401.jpg,Food
264,image9402.jpg,Food
265,image9406.jpg,Food
266,image9409.jpg,Food
267,image9410.jpg,Food
268,image9412.jpg,Food
269,image9413.jpg,Food
270,image9414.jpg,Food
271,image9415.jpg,Food
272,image9416.jpg,Food
273,image9417.jpg,Food
274,image9421.jpg,Food
275,image9424.jpg,Food
276,image9426.jpg,Food
277,image9427.jpg,Food
278,image9428.jpg,Food
279,image9430.jpg,Food
280,image9431.jpg,Food
281,image9433.jpg,Food
282,image9434.jpg,Food
283,image9435.jpg,Food
284,image9439.jpg,Food
285,image9440.jpg,Food
286,image9441.jpg,Food
287,image9444.jpg,Food
288,image9446.jpg,Food
289,image9447.jpg,Food
290,image9450.jpg,Food
291,image9451.jpg,Food
292,image9452.jpg,Food
293,image9455.jpg,Food
294,image9456.jpg,Food
295,image9457.jpg,Food
296,image9459.jpg,Food
297,image9460.jpg,Food
298,image9464.jpg,Food
299,image9466.jpg,Food
300,image9468.jpg,Food
301,image9469.jpg,Food
302,image9470.jpg,Food
303,image9471.jpg,Food
304,image9473.jpg,Food
305,image9474.jpg,Food
306,image9476.jpg,Food
307,image9477.jpg,Food
308,image9479.jpg,Food
309,image9483.jpg,Food
310,image9485.jpg,Food
311,image9486.jpg,Food
312,image9487.jpg,Food
313,image9488.jpg,Food
314,image9489.jpg,Food
315,image9491.jpg,Food
316,image9494.jpg,Food
317,image9496.jpg,Food
318,image9497.jpg,Food
319,image9498.jpg,Food
320,image9500.jpg,Food
321,image9502.jpg,Food
322,image9503.jpg,Food
323,image9504.jpg,Food
324,image9506.jpg,Food
325,image9507.jpg,Food
326,image9510.jpg,Food
327,image9512.jpg,Food
328,image9513.jpg,Food
329,image9514.jpg,Food
330,image9515.jpg,Food
331,image9516.jpg,Food
332,image9519.jpg,Food
333,image9520.jpg,Food
334,image9521.jpg,Food
335,image9522.jpg,Food
336,image9526.jpg,Food
337,image9528.jpg,Food
338,image9531.jpg,Food
339,image9532.jpg,Food
340,image9535.jpg,Food
341,image9536.jpg,Food
342,image9537.jpg,Food
343,image9539.jpg,Food
344,image9540.jpg,Food
345,image9541.jpg,Food
346,image9543.jpg,Food
347,image9544.jpg,Food
348,image9545.jpg,Food
349,image9548.jpg,Food
350,image9550.jpg,Food
351,image9552.jpg,Food
352,image9554.jpg,Food
353,image9555.jpg,Food
354,image9556.jpg,Food
355,image9559.jpg,Food
356,image9560.jpg,Food
357,image9564.jpg,Food
358,image9566.jpg,Food
359,image9567.jpg,Food
360,image9568.jpg,Food
361,image9569.jpg,Food
362,image9570.jpg,Food
363,image9571.jpg,Food
364,image9573.jpg,Food
365,image9574.jpg,Food
366,image9578.jpg,Food
367,image9579.jpg,Food
368,image9581.jpg,Food
369,image9582.jpg,Food
370,image9583.jpg,Food
371,image9584.jpg,Food
372,image9585.jpg,Food
373,image9586.jpg,Food
374,image9588.jpg,Food
375,image9590.jpg,Food
376,image9591.jpg,Food
377,image9592.jpg,Food
378,image9593.jpg,Food
379,image9595.jpg,Food
380,image9598.jpg,Food
381,image9601.jpg,Food
382,image9602.jpg,Food
383,image9603.jpg,Food
384,image9605.jpg,Food
385,image9606.jpg,Food
386,image9607.jpg,Food
387,image9608.jpg,Food
388,image9609.jpg,Food
389,image9611.jpg,Food
390,image9613.jpg,Food
391,image9615.jpg,Food
392,image9616.jpg,Food
393,image9618.jpg,Food
394,image9620.jpg,Food
395,image9621.jpg,Food
396,image9622.jpg,Food
397,image9623.jpg,Food
398,image9624.jpg,Food
399,image9625.jpg,Food
400,image9626.jpg,Food
401,image9628.jpg,Food
402,image9629.jpg,Food
403,image9630.jpg,Food
404,image9631.jpg,Food
405,image9633.jpg,Food
406,image9634.jpg,Food
407,image9635.jpg,Food
408,image9636.jpg,Food
409,image9638.jpg,Food
410,image9640.jpg,Food
411,image9641.jpg,Food
412,image9642.jpg,Food
413,image9643.jpg,Food
414,image9644.jpg,Food
415,image9645.jpg,Food
416,image9646.jpg,Food
417,image9648.jpg,Food
418,image9649.jpg,Food
419,image9650.jpg,Food
420,image9651.jpg,Food
421,image9652.jpg,Food
422,image9657.jpg,Food
423,image9658.jpg,Food
424,image9660.jpg,Food
425,image9662.jpg,Food
426,image9663.jpg,Food
427,image9667.jpg,Food
428,image9668.jpg,Food
429,image9669.jpg,Food
430,image9672.jpg,Food
431,image9673.jpg,Food
432,image9674.jpg,Food
433,image9676.jpg,Food
434,image9677.jpg,Food
435,image9679.jpg,Food
436,image9680.jpg,Food
437,image9681.jpg,Food
438,image9682.jpg,Food
439,image9687.jpg,Food
440,image9689.jpg,Food
441,image9690.jpg,Food
442,image9691.jpg,Food
443,image9692.jpg,Food
444,image9693.jpg,Food
445,image9694.jpg,Food
446,image9695.jpg,Food
447,image9697.jpg,Food
448,image9702.jpg,Food
449,image9703.jpg,Food
450,image9704.jpg,Food
451,image9706.jpg,Food
452,image9707.jpg,Food
453,image9710.jpg,Food
454,image9711.jpg,Food
455,image9713.jpg,Food
456,image9714.jpg,Food
457,image9715.jpg,Food
458,image9716.jpg,Food
459,image9717.jpg,Food
460,image9718.jpg,Food
461,image9720.jpg,Food
462,image9722.jpg,Food
463,image9723.jpg,Food
464,image9725.jpg,Food
465,image9726.jpg,Food
466,image9727.jpg,Food
467,image9728.jpg,Food
468,image9730.jpg,Food
469,image9731.jpg,Food
470,image9732.jpg,Food
471,image9733.jpg,Food
472,image9734.jpg,Food
473,image9735.jpg,Food
474,image9737.jpg,Food
475,image9738.jpg,Food
476,image9739.jpg,Food
477,image9740.jpg,Food
478,image9741.jpg,Food
479,image9742.jpg,Food
480,image9747.jpg,Food
481,image9750.jpg,Food
482,image9751.jpg,Food
483,image9752.jpg,Food
484,image9754.jpg,Food
485,image9756.jpg,Food
486,image9757.jpg,Food
487,image9758.jpg,Food
488,image9761.jpg,Food
489,image9762.jpg,Food
490,image9763.jpg,Food
491,image9764.jpg,Food
492,image9766.jpg,Food
493,image9771.jpg,Food
494,image9773.jpg,Food
495,image9775.jpg,Food
496,image9776.jpg,Food
497,image9777.jpg,Food
498,image9778.jpg,Food
499,image9779.jpg,Food
500,image9781.jpg,Food
501,image9784.jpg,Food
502,image9785.jpg,Food
503,image9787.jpg,Food
504,image9794.jpg,Food
505,image9795.jpg,Food
506,image9796.jpg,Food
507,image9797.jpg,Food
508,image9798.jpg,Food
509,image9800.jpg,Food
510,image9803.jpg,Food
511,image9804.jpg,Food
512,image9807.jpg,Food
513,image9809.jpg,Food
514,image9810.jpg,Food
515,image9812.jpg,Food
516,image9813.jpg,Food
517,image9814.jpg,Food
518,image9815.jpg,Food
519,image9816.jpg,Food
520,image9817.jpg,Food
521,image9818.jpg,Food
522,image9819.jpg,Food
523,image9820.jpg,Food
524,image9821.jpg,Food
525,image9822.jpg,Food
526,image9823.jpg,Food
527,image9825.jpg,Food
528,image9826.jpg,Food
529,image9827.jpg,Food
530,image9830.jpg,Food
531,image9831.jpg,Food
532,image9832.jpg,Food
533,image9833.jpg,Food
534,image9834.jpg,Food
535,image9835.jpg,Food
536,image9838.jpg,Food
537,image9839.jpg,Food
538,image9840.jpg,Food
539,image9841.jpg,Food
540,image9842.jpg,Food
541,image9843.jpg,Food
542,image9844.jpg,Food
543,image9845.jpg,Food
544,image9847.jpg,Food
545,image9848.jpg,Food
546,image9850.jpg,Food
547,image9851.jpg,Food
548,image9852.jpg,Food
549,image9854.jpg,Food
550,image9855.jpg,Food
551,image9856.jpg,Food
552,image9857.jpg,Food
553,image9859.jpg,Food
554,image9860.jpg,Food
555,image9861.jpg,Food
556,image9863.jpg,Food
557,image9865.jpg,Food
558,image9868.jpg,Food
559,image9870.jpg,Food
560,image9871.jpg,Food
561,image9872.jpg,Food
562,image9873.jpg,Food
563,image9874.jpg,Food
564,image9875.jpg,Food
565,image9877.jpg,Food
566,image9880.jpg,Food
567,image9883.jpg,Food
568,image9886.jpg,Food
569,image9888.jpg,Food
570,image9890.jpg,Food
571,image9891.jpg,Food
572,image9893.jpg,Food
573,image9894.jpg,Food
574,image9895.jpg,Food
575,image9896.jpg,Food
576,image9898.jpg,Food
577,image9899.jpg,Food
578,image9900.jpg,Food
579,image9901.jpg,Food
580,image9902.jpg,Food
581,image9903.jpg,Food
582,image9904.jpg,Food
583,image9906.jpg,Food
584,image9907.jpg,Food
585,image9908.jpg,Food
586,image9909.jpg,Food
587,image9910.jpg,Food
588,image9912.jpg,Food
589,image9914.jpg,Food
590,image9916.jpg,Food
591,image9917.jpg,Food
592,image9918.jpg,Food
593,image9919.jpg,Food
594,image9922.jpg,Food
595,image9924.jpg,Food
596,image9925.jpg,Food
597,image9926.jpg,Food
598,image9927.jpg,Food
599,image9929.jpg,Food
600,image9930.jpg,Food
601,image9931.jpg,Food
602,image9932.jpg,Food
603,image9934.jpg,Food
604,image9935.jpg,Food
605,image9937.jpg,Food
606,image9938.jpg,Food
607,image9940.jpg,Food
608,image9941.jpg,Food
609,image9943.jpg,Food
610,image9946.jpg,Food
611,image9947.jpg,Food
612,image9948.jpg,Food
613,image9949.jpg,Food
614,image9950.jpg,Food
615,image9952.jpg,Food
616,image9953.jpg,Food
617,image9954.jpg,Food
618,image9955.jpg,Food
619,image9956.jpg,Food
620,image9957.jpg,Food
621,image9959.jpg,Food
622,image9960.jpg,Food
623,image9962.jpg,Food
624,image9963.jpg,Food
625,image9967.jpg,Food
626,image9968.jpg,Food
627,image9971.jpg,Food
628,image9973.jpg,Food
629,image9974.jpg,Food
630,image9976.jpg,Food
631,image9979.jpg,Food
632,image9980.jpg,Food
633,image9981.jpg,Food
634,image9982.jpg,Food
635,image9983.jpg,Food
636,image9984.jpg,Food
637,image9990.jpg,Food
638,image9991.jpg,Food
639,image9992.jpg,Food
640,image9993.jpg,Food
641,image9994.jpg,Food
642,image9997.jpg,Food
643,image10000.jpg,Food
644,image10002.jpg,Food
645,image10003.jpg,Food
646,image10004.jpg,Food
647,image10006.jpg,Food
648,image10007.jpg,Food
649,image10011.jpg,Food
650,image10013.jpg,Food
651,image10015.jpg,Food
652,image10016.jpg,Food
653,image10017.jpg,Food
654,image10018.jpg,Food
655,image10019.jpg,Food
656,image10020.jpg,Food
657,image10021.jpg,Food
658,image10022.jpg,Food
659,image10025.jpg,Food
660,image10029.jpg,Food
661,image10030.jpg,Food
662,image10032.jpg,Food
663,image10033.jpg,Food
664,image10034.jpg,Food
665,image10035.jpg,Food
666,image10036.jpg,Food
667,image10038.jpg,Food
668,image10041.jpg,Food
669,image10042.jpg,Food
670,image10043.jpg,Food
671,image10045.jpg,Food
672,image10048.jpg,Food
673,image10054.jpg,Food
674,image10055.jpg,Food
675,image10057.jpg,Food
676,image10058.jpg,Food
677,image10059.jpg,Food
678,image10060.jpg,Food
679,image10061.jpg,Food
680,image10063.jpg,Food
681,image10066.jpg,Food
682,image10068.jpg,Food
683,image10069.jpg,Food
684,image10070.jpg,Food
685,image10071.jpg,Food
686,image10075.jpg,Food
687,image10078.jpg,Food
688,image10080.jpg,Food
689,image10083.jpg,Food
690,image10085.jpg,Food
691,image10086.jpg,Food
692,image10087.jpg,Food
693,image10089.jpg,Food
694,image10090.jpg,Food
695,image10091.jpg,Food
696,image10092.jpg,Food
697,image10095.jpg,Food
698,image10096.jpg,Food
699,image10097.jpg,Food
700,image10100.jpg,Food
701,image10101.jpg,Food
702,image10104.jpg,Food
703,image10106.jpg,Food
704,image10107.jpg,Food
705,image10108.jpg,Food
706,image10109.jpg,Food
707,image10110.jpg,Food
708,image10111.jpg,Food
709,image10112.jpg,Food
710,image10113.jpg,Food
711,image10116.jpg,Food
712,image10117.jpg,Food
713,image10118.jpg,Food
714,image10120.jpg,Food
715,image10121.jpg,Food
716,image10122.jpg,Food
717,image10125.jpg,Food
718,image10126.jpg,Food
719,image10127.jpg,Food
720,image10128.jpg,Food
721,image10129.jpg,Food
722,image10130.jpg,Food
723,image10131.jpg,Food
724,image10132.jpg,Food
725,image10134.jpg,Food
726,image10135.jpg,Food
727,image10136.jpg,Food
728,image10137.jpg,Food
729,image10138.jpg,Food
730,image10139.jpg,Food
731,image10140.jpg,Food
732,image10141.jpg,Food
733,image10144.jpg,Food
734,image10148.jpg,Food
735,image10149.jpg,Food
736,image10152.jpg,Food
737,image10153.jpg,Food
738,image10154.jpg,Food
739,image10155.jpg,Food
740,image10156.jpg,Food
741,image10160.jpg,Food
742,image10161.jpg,Food
743,image10162.jpg,Food
744,image10165.jpg,Food
745,image10167.jpg,Food
746,image10168.jpg,Food
747,image10171.jpg,Food
748,image10172.jpg,Food
749,image10173.jpg,Food
750,image10174.jpg,Food
751,image10175.jpg,Food
752,image10176.jpg,Food
753,image10177.jpg,Food
754,image10179.jpg,Food
755,image10180.jpg,Food
756,image10181.jpg,Food
757,image10184.jpg,Food
758,image10185.jpg,Food
759,image10186.jpg,Food
760,image10187.jpg,Food
761,image10188.jpg,Food
762,image10189.jpg,Food
763,image10190.jpg,Food
764,image10192.jpg,Food
765,image10193.jpg,Food
766,image10195.jpg,Food
767,image10196.jpg,Food
768,image10197.jpg,Food
769,image10198.jpg,Food
770,image10199.jpg,Food
771,image10202.jpg,Food
772,image10203.jpg,Food
773,image10204.jpg,Food
774,image10205.jpg,Food
775,image10208.jpg,Food
776,image10209.jpg,Food
777,image10211.jpg,Food
778,image10212.jpg,Food
779,image10213.jpg,Food
780,image10214.jpg,Food
781,image10215.jpg,Food
782,image10216.jpg,Food
783,image10218.jpg,Food
784,image10220.jpg,Food
785,image10221.jpg,Food
786,image10223.jpg,Food
787,image10225.jpg,Food
788,image10226.jpg,Food
789,image10227.jpg,Food
790,image10229.jpg,Food
791,image10232.jpg,Food
792,image10233.jpg,Food
793,image10234.jpg,Food
794,image10235.jpg,Food
795,image10237.jpg,Food
796,image10239.jpg,Food
797,image10243.jpg,Food
798,image10244.jpg,Food
799,image10247.jpg,Food
800,image10248.jpg,Food
801,image10251.jpg,Food
802,image10253.jpg,Food
803,image10254.jpg,Food
804,image10255.jpg,Food
805,image10256.jpg,Food
806,image10257.jpg,Food
807,image10258.jpg,Food
808,image10259.jpg,Food
809,image10260.jpg,Food
810,image10262.jpg,Food
811,image10263.jpg,Food
812,image10264.jpg,Food
813,image10265.jpg,Food
814,image10266.jpg,Food
815,image10267.jpg,Food
816,image10268.jpg,Food
817,image10270.jpg,Food
818,image10272.jpg,Food
819,image10273.jpg,Food
820,image10274.jpg,Food
821,image10276.jpg,Food
822,image10277.jpg,Food
823,image10279.jpg,Food
824,image10280.jpg,Food
825,image10281.jpg,Food
826,image10282.jpg,Food
827,image10283.jpg,Food
828,image10284.jpg,Food
829,image10285.jpg,Food
830,image10286.jpg,Food
831,image10287.jpg,Food
832,image10288.jpg,Food
833,image10289.jpg,Food
834,image10290.jpg,Food
835,image10291.jpg,Food
836,image10293.jpg,Food
837,image10295.jpg,Food
838,image10296.jpg,Food
839,image10298.jpg,Food
840,image10299.jpg,Food
841,image10301.jpg,Food
842,image10303.jpg,Food
843,image10306.jpg,Food
844,image10308.jpg,Food
845,image10310.jpg,Food
846,image10311.jpg,Food
847,image10312.jpg,Food
848,image10313.jpg,Food
849,image10315.jpg,Food
850,image10316.jpg,Food
851,image10318.jpg,Food
852,image10320.jpg,Food
853,image10321.jpg,Food
854,image10322.jpg,Food
855,image10323.jpg,Food
856,image10325.jpg,Food
857,image10326.jpg,Food
858,image10328.jpg,Food
859,image10329.jpg,Food
860,image10331.jpg,Food
861,image10332.jpg,Food
862,image10333.jpg,Food
863,image10334.jpg,Food
864,image10335.jpg,Food
865,image10336.jpg,Food
866,image10337.jpg,Food
867,image10338.jpg,Food
868,image10339.jpg,Food
869,image10341.jpg,Food
870,image10343.jpg,Food
871,image10344.jpg,Food
872,image10345.jpg,Food
873,image10346.jpg,Food
874,image10347.jpg,Food
875,image10348.jpg,Food
876,image10351.jpg,Food
877,image10352.jpg,Food
878,image10353.jpg,Food
879,image10355.jpg,Food
880,image10356.jpg,Food
881,image10358.jpg,Food
882,image10359.jpg,Food
883,image10361.jpg,Food
884,image10362.jpg,Food
885,image10368.jpg,Food
886,image10369.jpg,Food
887,image10371.jpg,Food
888,image10372.jpg,Food
889,image10373.jpg,Food
890,image10374.jpg,Food
891,image10375.jpg,Food
892,image10377.jpg,Food
893,image10378.jpg,Food
894,image10380.jpg,Food
895,image10381.jpg,Food
896,image10382.jpg,Food
897,image10383.jpg,Food
898,image10384.jpg,Food
899,image10385.jpg,Food
900,image10386.jpg,Food
901,image10387.jpg,Food
902,image10389.jpg,Food
903,image10390.jpg,Food
904,image10391.jpg,Food
905,image10392.jpg,Food
906,image10393.jpg,Food
907,image10395.jpg,Food
908,image10396.jpg,Food
909,image10398.jpg,Food
910,image10399.jpg,Food
911,image10400.jpg,Food
912,image10401.jpg,Food
913,image10402.jpg,Food
914,image10403.jpg,Food
915,image10404.jpg,Food
916,image10405.jpg,Food
917,image10412.jpg,Food
918,image10413.jpg,Food
919,image10414.jpg,Food
920,image10415.jpg,Food
921,image10419.jpg,Food
922,image10422.jpg,Food
923,image10423.jpg,Food
924,image10424.jpg,Food
925,image10425.jpg,Food
926,image10428.jpg,Food
927,image10431.jpg,Food
928,image10432.jpg,Food
929,image10434.jpg,Food
930,image10435.jpg,Food
931,image10437.jpg,Food
932,image10438.jpg,Food
933,image10439.jpg,Food
934,image10440.jpg,Food
935,image10441.jpg,Food
936,image10442.jpg,Food
937,image10443.jpg,Food
938,image10445.jpg,Food
939,image10446.jpg,Food
940,image10448.jpg,Food
941,image10449.jpg,Food
942,image10453.jpg,Food
943,image10454.jpg,Food
944,image10458.jpg,Food
945,image10460.jpg,Food
946,image10462.jpg,Food
947,image10463.jpg,Food
948,image10464.jpg,Food
949,image10465.jpg,Food
950,image10466.jpg,Food
951,image10467.jpg,Food
952,image10470.jpg,Food
953,image10471.jpg,Food
954,image10472.jpg,Food
955,image10473.jpg,Food
956,image10475.jpg,Food
957,image10476.jpg,Food
958,image10479.jpg,Food
959,image10480.jpg,Food
960,image10482.jpg,Food
961,image10483.jpg,Food
962,image10485.jpg,Food
963,image10487.jpg,Food
964,image10488.jpg,Food
965,image10489.jpg,Food
966,image10490.jpg,Food
967,image10492.jpg,Food
968,image10493.jpg,Food
969,image10494.jpg,Food
970,image10495.jpg,Food
971,image10496.jpg,Food
972,image10498.jpg,Food
973,image10499.jpg,Food
974,image10500.jpg,Food
975,image10502.jpg,Food
976,image10503.jpg,Food
977,image10504.jpg,Food
978,image10506.jpg,Food
979,image10507.jpg,Food
980,image10509.jpg,Food
981,image10511.jpg,Food
982,image10512.jpg,Food
983,image10513.jpg,Food
984,image10514.jpg,Food
985,image10515.jpg,Food
986,image10516.jpg,Food
987,image10522.jpg,Food
988,image10523.jpg,Food
989,image10525.jpg,Food
990,image10526.jpg,Food
991,image10527.jpg,Food
992,image10528.jpg,Food
993,image10531.jpg,Food
994,image10532.jpg,Food
995,image10533.jpg,Food
996,image10534.jpg,Food
997,image10535.jpg,Food
998,image10536.jpg,Food
999,image10538.jpg,Food
1000,image10540.jpg,Food
1001,image10543.jpg,Food
1002,image10544.jpg,Food
1003,image10545.jpg,Food
1004,image10546.jpg,Food
1005,image10547.jpg,Food
1006,image10549.jpg,Food
1007,image10550.jpg,Food
1008,image10551.jpg,Food
1009,image10553.jpg,Food
1010,image10554.jpg,Food
1011,image10556.jpg,Food
1012,image10557.jpg,Food
1013,image10559.jpg,Food
1014,image10560.jpg,Food
1015,image10561.jpg,Food
1016,image10563.jpg,Food
1017,image10564.jpg,Food
1018,image10565.jpg,Food
1019,image10566.jpg,Food
1020,image10569.jpg,Food
1021,image10571.jpg,Food
1022,image10572.jpg,Food
1023,image10573.jpg,Food
1024,image10574.jpg,Food
1025,image10575.jpg,Food
1026,image10577.jpg,Food
1027,image10578.jpg,Food
1028,image10580.jpg,Food
1029,image10581.jpg,Food
1030,image10582.jpg,Food
1031,image10584.jpg,Food
1032,image10585.jpg,Food
1033,image10587.jpg,Food
1034,image10588.jpg,Food
1035,image10589.jpg,Food
1036,image10592.jpg,Food
1037,image10593.jpg,Food
1038,image10594.jpg,Food
1039,image10595.jpg,Food
1040,image10597.jpg,Food
1041,image10599.jpg,Food
1042,image10600.jpg,Food
1043,image10601.jpg,Food
1044,image10602.jpg,Food
1045,image10603.jpg,Food
1046,image10605.jpg,Food
1047,image10606.jpg,Food
1048,image10608.jpg,Food
1049,image10609.jpg,Food
1050,image10610.jpg,Food
1051,image10612.jpg,Food
1052,image10614.jpg,Food
1053,image10615.jpg,Food
1054,image10619.jpg,Food
1055,image10620.jpg,Food
1056,image10621.jpg,Food
1057,image10626.jpg,Food
1058,image10627.jpg,Food
1059,image10629.jpg,Food
1060,image10630.jpg,Food
1061,image10631.jpg,Food
1062,image10633.jpg,Food
1063,image10635.jpg,Food
1064,image10636.jpg,Food
1065,image10638.jpg,Food
1066,image10639.jpg,Food
1067,image10641.jpg,Food
1068,image10642.jpg,Food
1069,image10644.jpg,Food
1070,image10646.jpg,Food
1071,image10647.jpg,Food
1072,image10649.jpg,Food
1073,image10651.jpg,Food
1074,image10652.jpg,Food
1075,image10655.jpg,Food
1076,image10656.jpg,Food
1077,image10657.jpg,Food
1078,image10658.jpg,Food
1079,image10660.jpg,Food
1080,image10661.jpg,Food
1081,image10663.jpg,Food
1082,image10665.jpg,Food
1083,image10666.jpg,Food
1084,image10667.jpg,Food
1085,image10668.jpg,Food
1086,image10672.jpg,Food
1087,image10673.jpg,Food
1088,image10674.jpg,Food
1089,image10675.jpg,Food
1090,image10676.jpg,Food
1091,image10677.jpg,Food
1092,image10678.jpg,Food
1093,image10679.jpg,Food
1094,image10680.jpg,Food
1095,image10681.jpg,Food
1096,image10683.jpg,Food
1097,image10684.jpg,Food
1098,image10686.jpg,Food
1099,image10687.jpg,Food
1100,image10689.jpg,Food
1101,image10690.jpg,Food
1102,image10692.jpg,Food
1103,image10693.jpg,Food
1104,image10696.jpg,Food
1105,image10698.jpg,Food
1106,image10699.jpg,Food
1107,image10701.jpg,Food
1108,image10702.jpg,Food
1109,image10703.jpg,Food
1110,image10704.jpg,Food
1111,image10705.jpg,Food
1112,image10706.jpg,Food
1113,image10707.jpg,Food
1114,image10708.jpg,Food
1115,image10709.jpg,Food
1116,image10710.jpg,Food
1117,image10711.jpg,Food
1118,image10712.jpg,Food
1119,image10713.jpg,Food
1120,image10714.jpg,Food
1121,image10715.jpg,Food
1122,image10716.jpg,Food
1123,image10717.jpg,Food
1124,image10719.jpg,Food
1125,image10720.jpg,Food
1126,image10722.jpg,Food
1127,image10723.jpg,Food
1128,image10724.jpg,Food
1129,image10726.jpg,Food
1130,image10727.jpg,Food
1131,image10728.jpg,Food
1132,image10729.jpg,Food
1133,image10730.jpg,Food
1134,image10732.jpg,Food
1135,image10733.jpg,Food
1136,image10734.jpg,Food
1137,image10735.jpg,Food
1138,image10738.jpg,Food
1139,image10741.jpg,Food
1140,image10742.jpg,Food
1141,image10745.jpg,Food
1142,image10750.jpg,Food
1143,image10751.jpg,Food
1144,image10753.jpg,Food
1145,image10754.jpg,Food
1146,image10757.jpg,Food
1147,image10758.jpg,Food
1148,image10759.jpg,Food
1149,image10762.jpg,Food
1150,image10763.jpg,Food
1151,image10766.jpg,Food
1152,image10767.jpg,Food
1153,image10769.jpg,Food
1154,image10771.jpg,Food
1155,image10773.jpg,Food
1156,image10775.jpg,Food
1157,image10776.jpg,Food
1158,image10778.jpg,Food
1159,image10779.jpg,Food
1160,image10781.jpg,Food
1161,image10782.jpg,Food
1162,image10783.jpg,Food
1163,image10785.jpg,Food
1164,image10786.jpg,Food
1165,image10787.jpg,Food
1166,image10790.jpg,Food
1167,image10791.jpg,Food
1168,image10792.jpg,Food
1169,image10793.jpg,Food
1170,image10794.jpg,Food
1171,image10795.jpg,Food
1172,image10796.jpg,Food
1173,image10797.jpg,Food
1174,image10798.jpg,Food
1175,image10799.jpg,Food
1176,image10800.jpg,Food
1177,image10801.jpg,Food
1178,image10802.jpg,Food
1179,image10803.jpg,Food
1180,image10805.jpg,Food
1181,image10806.jpg,Food
1182,image10807.jpg,Food
1183,image10808.jpg,Food
1184,image10811.jpg,Food
1185,image10812.jpg,Food
1186,image10814.jpg,Food
1187,image10815.jpg,Food
1188,image10816.jpg,Food
1189,image10817.jpg,Food
1190,image10818.jpg,Food
1191,image10820.jpg,Food
1192,image10822.jpg,Food
1193,image10823.jpg,Food
1194,image10824.jpg,Food
1195,image10826.jpg,Food
1196,image10833.jpg,Food
1197,image10834.jpg,Food
1198,image10838.jpg,Food
1199,image10839.jpg,Food
1200,image10840.jpg,Food
1201,image10841.jpg,Food
1202,image10842.jpg,Food
1203,image10843.jpg,Food
1204,image10844.jpg,Food
1205,image10847.jpg,Food
1206,image10848.jpg,Food
1207,image10849.jpg,Food
1208,image10851.jpg,Food
1209,image10852.jpg,Food
1210,image10853.jpg,Food
1211,image10854.jpg,Food
1212,image10855.jpg,Food
1213,image10856.jpg,Food
1214,image10857.jpg,Food
1215,image10861.jpg,Food
1216,image10862.jpg,Food
1217,image10863.jpg,Food
1218,image10864.jpg,Food
1219,image10865.jpg,Food
1220,image10866.jpg,Food
1221,image10868.jpg,Food
1222,image10869.jpg,Food
1223,image10870.jpg,Food
1224,image10873.jpg,Food
1225,image10875.jpg,Food
1226,image10878.jpg,Food
1227,image10879.jpg,Food
1228,image10880.jpg,Food
1229,image10881.jpg,Food
1230,image10882.jpg,Food
1231,image10883.jpg,Food
1232,image10885.jpg,Food
1233,image10887.jpg,Food
1234,image10888.jpg,Food
1235,image10890.jpg,Food
1236,image10891.jpg,Food
1237,image10892.jpg,Food
