Image,Class
image9000.jpg,Food
image9001.jpg,Decorationandsignage
image9003.jpg,Attire
image9007.jpg,Food
image9008.jpg,misc
image9009.jpg,misc
image9011.jpg,Decorationandsignage
image9012.jpg,Food
image9013.jpg,Decorationandsignage
image9014.jpg,Decorationandsignage
image9015.jpg,Attire
image9016.jpg,Attire
image9018.jpg,Food
image9019.jpg,Food
image9022.jpg,Decorationandsignage
image9023.jpg,Food
image9024.jpg,Attire
image9026.jpg,Food
image9027.jpg,Attire
image9028.jpg,Decorationandsignage
image9030.jpg,Food
image9031.jpg,Food
image9034.jpg,Attire
image9035.jpg,Food
image9038.jpg,Attire
image9039.jpg,Food
image9041.jpg,Decorationandsignage
image9042.jpg,Food
image9043.jpg,Attire
image9044.jpg,Attire
image9045.jpg,Decorationandsignage
image9046.jpg,Food
image9047.jpg,Food
image9048.jpg,Food
image9050.jpg,Attire
image9051.jpg,Attire
image9052.jpg,misc
image9053.jpg,Decorationandsignage
image9054.jpg,Decorationandsignage
image9055.jpg,misc
image9056.jpg,Food
image9059.jpg,Attire
image9063.jpg,Food
image9065.jpg,Food
image9067.jpg,misc
image9068.jpg,Food
image9070.jpg,Attire
image9071.jpg,Attire
image9073.jpg,Food
image9074.jpg,Decorationandsignage
image9075.jpg,Food
image9076.jpg,Attire
image9077.jpg,misc
image9078.jpg,Food
image9079.jpg,misc
image9080.jpg,Attire
image9082.jpg,Food
image9083.jpg,Attire
image9084.jpg,Attire
image9086.jpg,Attire
image9087.jpg,Food
image9088.jpg,Attire
image9091.jpg,Attire
image9092.jpg,Attire
image9093.jpg,Attire
image9094.jpg,Attire
image9096.jpg,Decorationandsignage
image9099.jpg,Food
image9100.jpg,Attire
image9101.jpg,Food
image9102.jpg,Attire
image9103.jpg,misc
image9104.jpg,Food
image9106.jpg,Food
image9108.jpg,Food
image9110.jpg,Attire
image9114.jpg,Attire
image9115.jpg,Attire
image9117.jpg,misc
image9122.jpg,Food
image9124.jpg,misc
image9125.jpg,Decorationandsignage
image9126.jpg,Attire
image9128.jpg,Food
image9129.jpg,Food
image9131.jpg,Attire
image9133.jpg,Attire
image9134.jpg,Food
image9135.jpg,Attire
image9136.jpg,Decorationandsignage
image9137.jpg,Attire
image9138.jpg,Decorationandsignage
image9139.jpg,misc
image9141.jpg,misc
image9142.jpg,Decorationandsignage
image9144.jpg,Food
image9146.jpg,Decorationandsignage
image9147.jpg,Food
image9148.jpg,Food
image9149.jpg,Food
image9150.jpg,Attire
image9151.jpg,Food
image9152.jpg,Decorationandsignage
image9155.jpg,Food
image9156.jpg,Attire
image9158.jpg,Food
image9159.jpg,Food
image9160.jpg,misc
image9161.jpg,Attire
image9162.jpg,Attire
image9164.jpg,Food
image9166.jpg,misc
image9169.jpg,Decorationandsignage
image9171.jpg,misc
image9172.jpg,Food
image9173.jpg,Attire
image9176.jpg,Attire
image9178.jpg,Attire
image9179.jpg,Food
image9180.jpg,Food
image9182.jpg,Food
image9184.jpg,Food
image9185.jpg,Food
image9186.jpg,Food
image9187.jpg,Food
image9188.jpg,Attire
image9189.jpg,Food
image9192.jpg,misc
image9194.jpg,Attire
image9195.jpg,Food
image9196.jpg,Decorationandsignage
image9197.jpg,misc
image9198.jpg,Attire
image9201.jpg,Food
image9203.jpg,misc
image9204.jpg,misc
image9205.jpg,Food
image9209.jpg,Food
image9210.jpg,Attire
image9212.jpg,Food
image9213.jpg,Attire
image9214.jpg,Food
image9215.jpg,Food
image9217.jpg,Attire
image9218.jpg,Attire
image9225.jpg,misc
image9226.jpg,Food
image9227.jpg,Attire
image9228.jpg,Attire
image9229.jpg,Attire
image9230.jpg,Attire
image9231.jpg,Attire
image9232.jpg,Decorationandsignage
image9233.jpg,Food
image9235.jpg,Food
image9237.jpg,Attire
image9239.jpg,Attire
image9241.jpg,Attire
image9245.jpg,Food
image9246.jpg,Attire
image9247.jpg,Attire
image9248.jpg,Attire
image9251.jpg,misc
image9252.jpg,Attire
image9253.jpg,Attire
image9254.jpg,Decorationandsignage
image9255.jpg,misc
image9257.jpg,Food
image9262.jpg,Attire
image9263.jpg,Attire
image9264.jpg,Attire
image9265.jpg,Food
image9266.jpg,Food
image9267.jpg,Decorationandsignage
image9268.jpg,Attire
image9270.jpg,misc
image9272.jpg,Food
image9275.jpg,misc
image9276.jpg,Food
image9277.jpg,Decorationandsignage
image9279.jpg,misc
image9281.jpg,Decorationandsignage
image9282.jpg,misc
image9284.jpg,Attire
image9285.jpg,misc
image9287.jpg,Food
image9288.jpg,Food
image9289.jpg,Attire
image9290.jpg,Food
image9292.jpg,Food
image9294.jpg,Food
image9295.jpg,Attire
image9297.jpg,Food
image9298.jpg,Attire
image9300.jpg,Attire
image9301.jpg,Food
image9302.jpg,Attire
image9303.jpg,Food
image9304.jpg,Food
image9305.jpg,Food
image9306.jpg,Attire
image9307.jpg,Attire
image9309.jpg,Food
image9311.jpg,Food
image9313.jpg,Attire
image9315.jpg,misc
image9316.jpg,Attire
image9317.jpg,Attire
image9318.jpg,misc
image9320.jpg,Food
image9321.jpg,Decorationandsignage
image9322.jpg,Attire
image9323.jpg,Food
image9324.jpg,Food
image9325.jpg,Decorationandsignage
image9326.jpg,Food
image9327.jpg,Food
image9328.jpg,Decorationandsignage
image9329.jpg,misc
image9331.jpg,misc
image9335.jpg,Attire
image9336.jpg,Attire
image9337.jpg,Food
image9338.jpg,Food
image9339.jpg,Attire
image9340.jpg,Food
image9342.jpg,Food
image9348.jpg,Food
image9353.jpg,Attire
image9354.jpg,Attire
image9355.jpg,Food
image9356.jpg,Food
image9357.jpg,Attire
image9358.jpg,Decorationandsignage
image9359.jpg,Attire
image9360.jpg,Attire
image9363.jpg,Attire
image9364.jpg,misc
image9365.jpg,Food
image9366.jpg,misc
image9367.jpg,misc
image9369.jpg,Decorationandsignage
image9370.jpg,Food
image9371.jpg,Food
image9373.jpg,misc
image9375.jpg,Attire
image9377.jpg,Food
image9378.jpg,misc
image9381.jpg,Food
image9383.jpg,Attire
image9384.jpg,Decorationandsignage
image9385.jpg,Attire
image9386.jpg,Food
image9387.jpg,Decorationandsignage
image9389.jpg,Attire
image9390.jpg,Attire
image9392.jpg,Food
image9394.jpg,Attire
image9395.jpg,Food
image9396.jpg,Decorationandsignage
image9397.jpg,Food
image9399.jpg,Food
image9400.jpg,misc
image9401.jpg,Attire
image9402.jpg,Attire
image9406.jpg,misc
image9409.jpg,Attire
image9410.jpg,misc
image9412.jpg,Attire
image9413.jpg,misc
image9414.jpg,misc
image9415.jpg,Food
image9416.jpg,Food
image9417.jpg,misc
image9421.jpg,Attire
image9424.jpg,Food
image9426.jpg,Food
image9427.jpg,Food
image9428.jpg,Food
image9430.jpg,Decorationandsignage
image9431.jpg,Attire
image9433.jpg,Decorationandsignage
image9434.jpg,Food
image9435.jpg,Food
image9439.jpg,Attire
image9440.jpg,Decorationandsignage
image9441.jpg,Food
image9444.jpg,Attire
image9446.jpg,Attire
image9447.jpg,Food
image9450.jpg,Food
image9451.jpg,Attire
image9452.jpg,Attire
image9455.jpg,misc
image9456.jpg,Attire
image9457.jpg,Attire
image9459.jpg,Attire
image9460.jpg,Food
image9464.jpg,Attire
image9466.jpg,Food
image9468.jpg,misc
image9469.jpg,Food
image9470.jpg,misc
image9471.jpg,Attire
image9473.jpg,Attire
image9474.jpg,Attire
image9476.jpg,Food
image9477.jpg,Attire
image9479.jpg,Attire
image9483.jpg,Attire
image9485.jpg,Attire
image9486.jpg,misc
image9487.jpg,Attire
image9488.jpg,misc
image9489.jpg,Food
image9491.jpg,Attire
image9494.jpg,Food
image9496.jpg,Attire
image9497.jpg,misc
image9498.jpg,Attire
image9500.jpg,Decorationandsignage
image9502.jpg,Attire
image9503.jpg,Attire
image9504.jpg,Decorationandsignage
image9506.jpg,misc
image9507.jpg,misc
image9510.jpg,Attire
image9512.jpg,Decorationandsignage
image9513.jpg,misc
image9514.jpg,Attire
image9515.jpg,Food
image9516.jpg,Food
image9519.jpg,Food
image9520.jpg,misc
image9521.jpg,Decorationandsignage
image9522.jpg,misc
image9526.jpg,Food
image9528.jpg,misc
image9531.jpg,Attire
image9532.jpg,Food
image9535.jpg,Attire
image9536.jpg,Food
image9537.jpg,Attire
image9539.jpg,Attire
image9540.jpg,Food
image9541.jpg,Attire
image9543.jpg,Attire
image9544.jpg,Attire
image9545.jpg,misc
image9548.jpg,Food
image9550.jpg,Attire
image9552.jpg,Attire
image9554.jpg,misc
image9555.jpg,misc
image9556.jpg,Attire
image9559.jpg,Decorationandsignage
image9560.jpg,Food
image9564.jpg,Attire
image9566.jpg,Food
image9567.jpg,Decorationandsignage
image9568.jpg,Attire
image9569.jpg,Decorationandsignage
image9570.jpg,Attire
image9571.jpg,Attire
image9573.jpg,misc
image9574.jpg,Attire
image9578.jpg,Attire
image9579.jpg,misc
image9581.jpg,Attire
image9582.jpg,Attire
image9583.jpg,Attire
image9584.jpg,Food
image9585.jpg,Attire
image9586.jpg,Food
image9588.jpg,Food
image9590.jpg,Food
image9591.jpg,Food
image9592.jpg,Attire
image9593.jpg,Attire
image9595.jpg,Attire
image9598.jpg,Attire
image9601.jpg,Attire
image9602.jpg,Attire
image9603.jpg,misc
image9605.jpg,Food
image9606.jpg,Food
image9607.jpg,misc
image9608.jpg,Decorationandsignage
image9609.jpg,Attire
image9611.jpg,Decorationandsignage
image9613.jpg,Food
image9615.jpg,Decorationandsignage
image9616.jpg,Attire
image9618.jpg,Attire
image9620.jpg,Attire
image9621.jpg,Food
image9622.jpg,Food
image9623.jpg,Attire
image9624.jpg,misc
image9625.jpg,Attire
image9626.jpg,Attire
image9628.jpg,Attire
image9629.jpg,Attire
image9630.jpg,Food
image9631.jpg,Attire
image9633.jpg,Food
image9634.jpg,Attire
image9635.jpg,Food
image9636.jpg,Attire
image9638.jpg,Attire
image9640.jpg,Food
image9641.jpg,Attire
image9642.jpg,Attire
image9643.jpg,Attire
image9644.jpg,misc
image9645.jpg,Attire
image9646.jpg,Food
image9648.jpg,misc
image9649.jpg,misc
image9650.jpg,misc
image9651.jpg,Decorationandsignage
image9652.jpg,Food
image9657.jpg,Attire
image9658.jpg,Attire
image9660.jpg,Food
image9662.jpg,misc
image9663.jpg,Attire
image9667.jpg,Decorationandsignage
image9668.jpg,Attire
image9669.jpg,Attire
image9672.jpg,Food
image9673.jpg,misc
image9674.jpg,Food
image9676.jpg,Attire
image9677.jpg,Decorationandsignage
image9679.jpg,Attire
image9680.jpg,Food
image9681.jpg,Food
image9682.jpg,Decorationandsignage
image9687.jpg,Food
image9689.jpg,Food
image9690.jpg,Food
image9691.jpg,Attire
image9692.jpg,misc
image9693.jpg,Attire
image9694.jpg,Attire
image9695.jpg,Food
image9697.jpg,Food
image9702.jpg,Food
image9703.jpg,Food
image9704.jpg,Decorationandsignage
image9706.jpg,Food
image9707.jpg,Attire
image9710.jpg,Food
image9711.jpg,Attire
image9713.jpg,Attire
image9714.jpg,Attire
image9715.jpg,Food
image9716.jpg,Food
image9717.jpg,Food
image9718.jpg,misc
image9720.jpg,Food
image9722.jpg,Attire
image9723.jpg,misc
image9725.jpg,Attire
image9726.jpg,Decorationandsignage
image9727.jpg,Attire
image9728.jpg,Food
image9730.jpg,Attire
image9731.jpg,Attire
image9732.jpg,Attire
image9733.jpg,Attire
image9734.jpg,Food
image9735.jpg,Food
image9737.jpg,Attire
image9738.jpg,misc
image9739.jpg,Attire
image9740.jpg,Food
image9741.jpg,Attire
image9742.jpg,Food
image9747.jpg,Food
image9750.jpg,Attire
image9751.jpg,Food
image9752.jpg,misc
image9754.jpg,Food
image9756.jpg,Decorationandsignage
image9757.jpg,Attire
image9758.jpg,Food
image9761.jpg,Attire
image9762.jpg,Attire
image9763.jpg,Attire
image9764.jpg,Food
image9766.jpg,misc
image9771.jpg,Attire
image9773.jpg,Decorationandsignage
image9775.jpg,Attire
image9776.jpg,Attire
image9777.jpg,misc
image9778.jpg,Decorationandsignage
image9779.jpg,Food
image9781.jpg,misc
image9784.jpg,Food
image9785.jpg,Decorationandsignage
image9787.jpg,Decorationandsignage
image9794.jpg,Decorationandsignage
image9795.jpg,Food
image9796.jpg,Attire
image9797.jpg,Food
image9798.jpg,misc
image9800.jpg,Decorationandsignage
image9803.jpg,Food
image9804.jpg,Attire
image9807.jpg,Decorationandsignage
image9809.jpg,Attire
image9810.jpg,Food
image9812.jpg,Attire
image9813.jpg,Food
image9814.jpg,Attire
image9815.jpg,Decorationandsignage
image9816.jpg,misc
image9817.jpg,Food
image9818.jpg,Food
image9819.jpg,Food
image9820.jpg,Attire
image9821.jpg,Decorationandsignage
image9822.jpg,Food
image9823.jpg,Food
image9825.jpg,misc
image9826.jpg,Attire
image9827.jpg,Food
image9830.jpg,misc
image9831.jpg,Decorationandsignage
image9832.jpg,Attire
image9833.jpg,Decorationandsignage
image9834.jpg,Food
image9835.jpg,Decorationandsignage
image9838.jpg,Food
image9839.jpg,Attire
image9840.jpg,Decorationandsignage
image9841.jpg,Decorationandsignage
image9842.jpg,Food
image9843.jpg,Attire
image9844.jpg,misc
image9845.jpg,Attire
image9847.jpg,Food
image9848.jpg,Food
image9850.jpg,misc
image9851.jpg,Food
image9852.jpg,Attire
image9854.jpg,Food
image9855.jpg,Attire
image9856.jpg,misc
image9857.jpg,Attire
image9859.jpg,Decorationandsignage
image9860.jpg,Attire
image9861.jpg,Food
image9863.jpg,misc
image9865.jpg,Attire
image9868.jpg,Decorationandsignage
image9870.jpg,Food
image9871.jpg,Attire
image9872.jpg,Decorationandsignage
image9873.jpg,Food
image9874.jpg,Food
image9875.jpg,misc
image9877.jpg,Food
image9880.jpg,Decorationandsignage
image9883.jpg,Food
image9886.jpg,Attire
image9888.jpg,Decorationandsignage
image9890.jpg,Food
image9891.jpg,Attire
image9893.jpg,Attire
image9894.jpg,Food
image9895.jpg,Food
image9896.jpg,Attire
image9898.jpg,Food
image9899.jpg,misc
image9900.jpg,Attire
image9901.jpg,Food
image9902.jpg,Attire
image9903.jpg,Food
image9904.jpg,Food
image9906.jpg,Food
image9907.jpg,misc
image9908.jpg,Food
image9909.jpg,Decorationandsignage
image9910.jpg,Attire
image9912.jpg,Food
image9914.jpg,Food
image9916.jpg,Food
image9917.jpg,Food
image9918.jpg,Attire
image9919.jpg,Food
image9922.jpg,misc
image9924.jpg,Attire
image9925.jpg,Attire
image9926.jpg,Food
image9927.jpg,Food
image9929.jpg,Attire
image9930.jpg,Decorationandsignage
image9931.jpg,Attire
image9932.jpg,misc
image9934.jpg,Decorationandsignage
image9935.jpg,Attire
image9937.jpg,Attire
image9938.jpg,Food
image9940.jpg,misc
image9941.jpg,Attire
image9943.jpg,Food
image9946.jpg,Food
image9947.jpg,Food
image9948.jpg,Food
image9949.jpg,Attire
image9950.jpg,Attire
image9952.jpg,Attire
image9953.jpg,Food
image9954.jpg,misc
image9955.jpg,Attire
image9956.jpg,Attire
image9957.jpg,Food
image9959.jpg,Attire
image9960.jpg,Attire
image9962.jpg,Attire
image9963.jpg,Attire
image9967.jpg,Food
image9968.jpg,Attire
image9971.jpg,Food
image9973.jpg,Attire
image9974.jpg,Attire
image9976.jpg,Food
image9979.jpg,Attire
image9980.jpg,Decorationandsignage
image9981.jpg,Food
image9982.jpg,misc
image9983.jpg,Attire
image9984.jpg,Attire
image9990.jpg,Attire
image9991.jpg,Food
image9992.jpg,Attire
image9993.jpg,Food
image9994.jpg,Attire
image9997.jpg,Food
image10000.jpg,Decorationandsignage
image10002.jpg,Food
image10003.jpg,misc
image10004.jpg,Attire
image10006.jpg,Attire
image10007.jpg,Attire
image10011.jpg,Attire
image10013.jpg,Food
image10015.jpg,Attire
image10016.jpg,Decorationandsignage
image10017.jpg,Attire
image10018.jpg,Decorationandsignage
image10019.jpg,Food
image10020.jpg,misc
image10021.jpg,misc
image10022.jpg,Decorationandsignage
image10025.jpg,Attire
image10029.jpg,Attire
image10030.jpg,Attire
image10032.jpg,Attire
image10033.jpg,Food
image10034.jpg,Attire
image10035.jpg,Attire
image10036.jpg,Food
image10038.jpg,Decorationandsignage
image10041.jpg,Decorationandsignage
image10042.jpg,Attire
image10043.jpg,misc
image10045.jpg,Food
image10048.jpg,Food
image10054.jpg,misc
image10055.jpg,Attire
image10057.jpg,misc
image10058.jpg,Decorationandsignage
image10059.jpg,Attire
image10060.jpg,Food
image10061.jpg,misc
image10063.jpg,Food
image10066.jpg,misc
image10068.jpg,Attire
image10069.jpg,Food
image10070.jpg,Food
image10071.jpg,Food
image10075.jpg,Attire
image10078.jpg,Attire
image10080.jpg,Food
image10083.jpg,Attire
image10085.jpg,Attire
image10086.jpg,Decorationandsignage
image10087.jpg,Food
image10089.jpg,Food
image10090.jpg,Attire
image10091.jpg,Decorationandsignage
image10092.jpg,Attire
image10095.jpg,Food
image10096.jpg,Attire
image10097.jpg,Attire
image10100.jpg,Food
image10101.jpg,Attire
image10104.jpg,Attire
image10106.jpg,misc
image10107.jpg,Decorationandsignage
image10108.jpg,Attire
image10109.jpg,Food
image10110.jpg,misc
image10111.jpg,Decorationandsignage
image10112.jpg,Decorationandsignage
image10113.jpg,Food
image10116.jpg,misc
image10117.jpg,Decorationandsignage
image10118.jpg,Attire
image10120.jpg,Attire
image10121.jpg,Food
image10122.jpg,Attire
image10125.jpg,Food
image10126.jpg,Attire
image10127.jpg,Attire
image10128.jpg,Attire
image10129.jpg,Food
image10130.jpg,Attire
image10131.jpg,Food
image10132.jpg,Attire
image10134.jpg,Attire
image10135.jpg,Food
image10136.jpg,Attire
image10137.jpg,misc
image10138.jpg,Decorationandsignage
image10139.jpg,Attire
image10140.jpg,Food
image10141.jpg,misc
image10144.jpg,Attire
image10148.jpg,Attire
image10149.jpg,misc
image10152.jpg,Attire
image10153.jpg,Attire
image10154.jpg,Attire
image10155.jpg,Attire
image10156.jpg,Attire
image10160.jpg,misc
image10161.jpg,misc
image10162.jpg,Attire
image10165.jpg,Attire
image10167.jpg,Decorationandsignage
image10168.jpg,Food
image10171.jpg,Attire
image10172.jpg,Food
image10173.jpg,Food
image10174.jpg,misc
image10175.jpg,Food
image10176.jpg,Food
image10177.jpg,Food
image10179.jpg,Decorationandsignage
image10180.jpg,Attire
image10181.jpg,Food
image10184.jpg,Attire
image10185.jpg,Decorationandsignage
image10186.jpg,Food
image10187.jpg,Food
image10188.jpg,Attire
image10189.jpg,Decorationandsignage
image10190.jpg,Food
image10192.jpg,Food
image10193.jpg,Attire
image10195.jpg,Food
image10196.jpg,Food
image10197.jpg,Decorationandsignage
image10198.jpg,Food
image10199.jpg,misc
image10202.jpg,Attire
image10203.jpg,Food
image10204.jpg,Decorationandsignage
image10205.jpg,Attire
image10208.jpg,Attire
image10209.jpg,Attire
image10211.jpg,Food
image10212.jpg,Attire
image10213.jpg,misc
image10214.jpg,Food
image10215.jpg,misc
image10216.jpg,Attire
image10218.jpg,Food
image10220.jpg,Attire
image10221.jpg,Food
image10223.jpg,Attire
image10225.jpg,misc
image10226.jpg,Food
image10227.jpg,misc
image10229.jpg,Food
image10232.jpg,Attire
image10233.jpg,Food
image10234.jpg,Attire
image10235.jpg,Food
image10237.jpg,Attire
image10239.jpg,Attire
image10243.jpg,Food
image10244.jpg,Food
image10247.jpg,Food
image10248.jpg,Attire
image10251.jpg,Decorationandsignage
image10253.jpg,misc
image10254.jpg,Attire
image10255.jpg,Food
image10256.jpg,Attire
image10257.jpg,Decorationandsignage
image10258.jpg,Food
image10259.jpg,Food
image10260.jpg,Attire
image10262.jpg,Attire
image10263.jpg,misc
image10264.jpg,Attire
image10265.jpg,Food
image10266.jpg,Decorationandsignage
image10267.jpg,Attire
image10268.jpg,Decorationandsignage
image10270.jpg,Attire
image10272.jpg,Food
image10273.jpg,Attire
image10274.jpg,Attire
image10276.jpg,Attire
image10277.jpg,Attire
image10279.jpg,Attire
image10280.jpg,misc
image10281.jpg,Food
image10282.jpg,Attire
image10283.jpg,misc
image10284.jpg,Attire
image10285.jpg,Food
image10286.jpg,Attire
image10287.jpg,Decorationandsignage
image10288.jpg,Decorationandsignage
image10289.jpg,Food
image10290.jpg,Attire
image10291.jpg,Attire
image10293.jpg,Food
image10295.jpg,Food
image10296.jpg,Food
image10298.jpg,Food
image10299.jpg,Attire
image10301.jpg,Attire
image10303.jpg,Attire
image10306.jpg,Food
image10308.jpg,Food
image10310.jpg,Attire
image10311.jpg,Food
image10312.jpg,Decorationandsignage
image10313.jpg,Attire
image10315.jpg,Food
image10316.jpg,Food
image10318.jpg,Decorationandsignage
image10320.jpg,Food
image10321.jpg,Food
image10322.jpg,Attire
image10323.jpg,Attire
image10325.jpg,Food
image10326.jpg,Attire
image10328.jpg,Food
image10329.jpg,Decorationandsignage
image10331.jpg,Attire
image10332.jpg,Food
image10333.jpg,Attire
image10334.jpg,Food
image10335.jpg,Attire
image10336.jpg,Attire
image10337.jpg,Food
image10338.jpg,Food
image10339.jpg,Attire
image10341.jpg,misc
image10343.jpg,Attire
image10344.jpg,misc
image10345.jpg,Attire
image10346.jpg,misc
image10347.jpg,Food
image10348.jpg,Attire
image10351.jpg,Decorationandsignage
image10352.jpg,Attire
image10353.jpg,Food
image10355.jpg,Food
image10356.jpg,Food
image10358.jpg,Food
image10359.jpg,Decorationandsignage
image10361.jpg,Decorationandsignage
image10362.jpg,misc
image10368.jpg,Attire
image10369.jpg,Decorationandsignage
image10371.jpg,Attire
image10372.jpg,Attire
image10373.jpg,Attire
image10374.jpg,Food
image10375.jpg,Food
image10377.jpg,Food
image10378.jpg,misc
image10380.jpg,Attire
image10381.jpg,Attire
image10382.jpg,Decorationandsignage
image10383.jpg,Attire
image10384.jpg,Attire
image10385.jpg,Decorationandsignage
image10386.jpg,Food
image10387.jpg,Food
image10389.jpg,misc
image10390.jpg,Food
image10391.jpg,misc
image10392.jpg,Decorationandsignage
image10393.jpg,Food
image10395.jpg,Food
image10396.jpg,Attire
image10398.jpg,Decorationandsignage
image10399.jpg,Attire
image10400.jpg,Food
image10401.jpg,misc
image10402.jpg,Attire
image10403.jpg,Food
image10404.jpg,Food
image10405.jpg,Decorationandsignage
image10412.jpg,misc
image10413.jpg,Decorationandsignage
image10414.jpg,Food
image10415.jpg,Attire
image10419.jpg,Attire
image10422.jpg,Decorationandsignage
image10423.jpg,Attire
image10424.jpg,Food
image10425.jpg,Attire
image10428.jpg,Food
image10431.jpg,Food
image10432.jpg,Food
image10434.jpg,Food
image10435.jpg,Food
image10437.jpg,misc
image10438.jpg,Food
image10439.jpg,misc
image10440.jpg,Food
image10441.jpg,Food
image10442.jpg,Food
image10443.jpg,Food
image10445.jpg,misc
image10446.jpg,Attire
image10448.jpg,Attire
image10449.jpg,Food
image10453.jpg,Decorationandsignage
image10454.jpg,Food
image10458.jpg,Food
image10460.jpg,Decorationandsignage
image10462.jpg,Food
image10463.jpg,misc
image10464.jpg,Decorationandsignage
image10465.jpg,Food
image10466.jpg,Food
image10467.jpg,Attire
image10470.jpg,Food
image10471.jpg,Food
image10472.jpg,Food
image10473.jpg,Food
image10475.jpg,Decorationandsignage
image10476.jpg,misc
image10479.jpg,Food
image10480.jpg,Food
image10482.jpg,Attire
image10483.jpg,Decorationandsignage
image10485.jpg,Attire
image10487.jpg,Food
image10488.jpg,misc
image10489.jpg,misc
image10490.jpg,Attire
image10492.jpg,Food
image10493.jpg,Decorationandsignage
image10494.jpg,misc
image10495.jpg,Food
image10496.jpg,Attire
image10498.jpg,Attire
image10499.jpg,Decorationandsignage
image10500.jpg,Decorationandsignage
image10502.jpg,Food
image10503.jpg,Attire
image10504.jpg,Food
image10506.jpg,misc
image10507.jpg,Food
image10509.jpg,Attire
image10511.jpg,Food
image10512.jpg,misc
image10513.jpg,Attire
image10514.jpg,misc
image10515.jpg,Decorationandsignage
image10516.jpg,misc
image10522.jpg,Attire
image10523.jpg,Attire
image10525.jpg,Food
image10526.jpg,Food
image10527.jpg,Food
image10528.jpg,Food
image10531.jpg,misc
image10532.jpg,Attire
image10533.jpg,Attire
image10534.jpg,Food
image10535.jpg,Decorationandsignage
image10536.jpg,misc
image10538.jpg,Food
image10540.jpg,Attire
image10543.jpg,misc
image10544.jpg,Attire
image10545.jpg,Attire
image10546.jpg,Attire
image10547.jpg,Food
image10549.jpg,Attire
image10550.jpg,Decorationandsignage
image10551.jpg,Decorationandsignage
image10553.jpg,Food
image10554.jpg,Food
image10556.jpg,Attire
image10557.jpg,misc
image10559.jpg,Decorationandsignage
image10560.jpg,Food
image10561.jpg,Food
image10563.jpg,Attire
image10564.jpg,misc
image10565.jpg,Attire
image10566.jpg,Food
image10569.jpg,Attire
image10571.jpg,misc
image10572.jpg,Food
image10573.jpg,Food
image10574.jpg,Decorationandsignage
image10575.jpg,Food
image10577.jpg,Food
image10578.jpg,Attire
image10580.jpg,Food
image10581.jpg,Attire
image10582.jpg,Decorationandsignage
image10584.jpg,Food
image10585.jpg,Attire
image10587.jpg,Food
image10588.jpg,Attire
image10589.jpg,Attire
image10592.jpg,Attire
image10593.jpg,Food
image10594.jpg,Food
image10595.jpg,Food
image10597.jpg,Attire
image10599.jpg,Food
image10600.jpg,Food
image10601.jpg,Attire
image10602.jpg,misc
image10603.jpg,Attire
image10605.jpg,misc
image10606.jpg,Food
image10608.jpg,Decorationandsignage
image10609.jpg,Attire
image10610.jpg,Food
image10612.jpg,Decorationandsignage
image10614.jpg,Food
image10615.jpg,Food
image10619.jpg,Food
image10620.jpg,Attire
image10621.jpg,misc
image10626.jpg,Food
image10627.jpg,Food
image10629.jpg,Decorationandsignage
image10630.jpg,Decorationandsignage
image10631.jpg,Decorationandsignage
image10633.jpg,Attire
image10635.jpg,misc
image10636.jpg,Food
image10638.jpg,Food
image10639.jpg,Food
image10641.jpg,misc
image10642.jpg,Food
image10644.jpg,misc
image10646.jpg,Attire
image10647.jpg,Food
image10649.jpg,Attire
image10651.jpg,Attire
image10652.jpg,misc
image10655.jpg,Food
image10656.jpg,Attire
image10657.jpg,Food
image10658.jpg,Food
image10660.jpg,Attire
image10661.jpg,Attire
image10663.jpg,Attire
image10665.jpg,Attire
image10666.jpg,misc
image10667.jpg,misc
image10668.jpg,Food
image10672.jpg,Food
image10673.jpg,Attire
image10674.jpg,Attire
image10675.jpg,Attire
image10676.jpg,Attire
image10677.jpg,Food
image10678.jpg,Decorationandsignage
image10679.jpg,Attire
image10680.jpg,Decorationandsignage
image10681.jpg,misc
image10683.jpg,misc
image10684.jpg,Food
image10686.jpg,Food
image10687.jpg,Food
image10689.jpg,Attire
image10690.jpg,Attire
image10692.jpg,Attire
image10693.jpg,Food
image10696.jpg,Attire
image10698.jpg,misc
image10699.jpg,Attire
image10701.jpg,misc
image10702.jpg,Food
image10703.jpg,misc
image10704.jpg,Attire
image10705.jpg,Food
image10706.jpg,Food
image10707.jpg,Food
image10708.jpg,misc
image10709.jpg,Attire
image10710.jpg,Attire
image10711.jpg,Attire
image10712.jpg,Decorationandsignage
image10713.jpg,Decorationandsignage
image10714.jpg,misc
image10715.jpg,Food
image10716.jpg,Attire
image10717.jpg,Decorationandsignage
image10719.jpg,misc
image10720.jpg,Food
image10722.jpg,Food
image10723.jpg,misc
image10724.jpg,Attire
image10726.jpg,Food
image10727.jpg,Decorationandsignage
image10728.jpg,Attire
image10729.jpg,Attire
image10730.jpg,Attire
image10732.jpg,Attire
image10733.jpg,misc
image10734.jpg,Attire
image10735.jpg,Attire
image10738.jpg,misc
image10741.jpg,Decorationandsignage
image10742.jpg,Attire
image10745.jpg,misc
image10750.jpg,Food
image10751.jpg,Attire
image10753.jpg,Attire
image10754.jpg,Attire
image10757.jpg,misc
image10758.jpg,Attire
image10759.jpg,Food
image10762.jpg,Decorationandsignage
image10763.jpg,Attire
image10766.jpg,Food
image10767.jpg,Food
image10769.jpg,Food
image10771.jpg,Food
image10773.jpg,Food
image10775.jpg,Attire
image10776.jpg,misc
image10778.jpg,Attire
image10779.jpg,Food
image10781.jpg,Food
image10782.jpg,misc
image10783.jpg,Food
image10785.jpg,Food
image10786.jpg,Food
image10787.jpg,Decorationandsignage
image10790.jpg,Decorationandsignage
image10791.jpg,Food
image10792.jpg,Attire
image10793.jpg,Food
image10794.jpg,Food
image10795.jpg,Attire
image10796.jpg,Decorationandsignage
image10797.jpg,Attire
image10798.jpg,misc
image10799.jpg,Attire
image10800.jpg,Attire
image10801.jpg,Attire
image10802.jpg,Food
image10803.jpg,misc
image10805.jpg,Decorationandsignage
image10806.jpg,Food
image10807.jpg,Attire
image10808.jpg,Food
image10811.jpg,misc
image10812.jpg,Attire
image10814.jpg,misc
image10815.jpg,misc
image10816.jpg,Attire
image10817.jpg,Attire
image10818.jpg,Food
image10820.jpg,Food
image10822.jpg,Food
image10823.jpg,Decorationandsignage
image10824.jpg,Food
image10826.jpg,Decorationandsignage
image10833.jpg,Attire
image10834.jpg,Food
image10838.jpg,Attire
image10839.jpg,Attire
image10840.jpg,Food
image10841.jpg,Decorationandsignage
image10842.jpg,Attire
image10843.jpg,Food
image10844.jpg,Attire
image10847.jpg,Food
image10848.jpg,Attire
image10849.jpg,Attire
image10851.jpg,misc
image10852.jpg,Food
image10853.jpg,Attire
image10854.jpg,Food
image10855.jpg,Attire
image10856.jpg,misc
image10857.jpg,Attire
image10861.jpg,Food
image10862.jpg,Attire
image10863.jpg,Decorationandsignage
image10864.jpg,Attire
image10865.jpg,Decorationandsignage
image10866.jpg,Food
image10868.jpg,Food
image10869.jpg,Food
image10870.jpg,misc
image10873.jpg,Food
image10875.jpg,Attire
image10878.jpg,Food
image10879.jpg,Attire
image10880.jpg,Food
image10881.jpg,Food
image10882.jpg,Attire
image10883.jpg,Decorationandsignage
image10885.jpg,Food
image10887.jpg,Attire
image10888.jpg,Food
image10890.jpg,Food
image10891.jpg,Attire
image10892.jpg,Decorationandsignage
